Organization CRD#,SEC#,Primary Business Name,Legal Name,Main Office Street Address 1,Main Office Street Address 2,Main Office City,Main Office State,Main Office Postal Code,Main Office Telephone Number
1582,801-129647,HAROLD DANCE INVESTMENTS,HAROLD W. DANCE INC.,72 E CENTER STREET,,LOGAN,UT,84321,435-752-8484
104189,801-72971,"FIDUCIARY ADVISORS, LLC","FIDUCIARY ADVISORS, LLC",6975 S UNION PARK CTR,#644,COTTONWOOD HEIGHTS,UT,84047,801-492-7341
104961,801-73029,LEFAVI WEALTH MANAGEMENT,"LEFAVI WEALTH MANAGEMENT, INC.","2323 FOOTHILL DR., SUITE 100",,SALT LAKE CITY,UT,84109,801-486-9000
105957,801-18270,ALBION FINANCIAL GROUP,ALBION MANAGEMENT GROUP,812 EAST 2100 SOUTH,,SALT LAKE CITY,UT,84106,801-487-3700
105962,801-45326,PARAGON WEALTH MANAGEMENT,PARAGON CAPITAL MANAGEMENT INC,3651 NORTH 100 EAST,SUITE 275,PROVO,UT,84604-4557,801-375-2500
106043,801-63664,"PHYSICIAN WEALTH ADVISORS, INC.","PHYSICIAN WEALTH ADVISORS, INC.",6820 SOUTH 900 EAST,SUITE 200,SALT LAKE CITY,UT,84047,801-747-0800
106081,801-11095,WASATCH ADVISORS LP,WASATCH ADVISORS LP,505 WAKARA WAY,3RD FLOOR,SALT LAKE CITY,UT,84108,801-533-0777
106786,801-50778,ALTA CAPITAL MANAGEMENT LLC,ALTA CAPITAL MANAGEMENT LLC,6440 SOUTH WASATCH BLVD,SUITE 260,SALT LAKE CITY,UT,84121,801-274-6010
107202,801-118602,BLUE BARN WEALTH,"BLUE BARN WEALTH, LLC",370 WEST CENTER STREET,,OREM,UT,84057,(801) 466-4101
107539,801-88169,TINGEY ADVISORS INC,CANNON TINGEY INVESTMENT ADVISORS INC,2101 EAST MURRAY-HOLLADAY ROAD,SUITE 200,SALT LAKE CITY,UT,84117,801-352-8166
109522,801-100354,KEELER THOMAS MANAGEMENT LLC,KEELER THOMAS MANAGEMENT LLC,1327 SOUTH 800 EAST,,OREM,UT,84097,801-226-0800
109578,801-55317,"THE KARRAS COMPANY, INC.","THE KARRAS COMPANY, INC.",4695 SOUTH 1900 WEST,SUITE 3,ROY,UT,84067,801-825-3000
110870,801-17207,SMEDLEY FINANCIAL SERVICES INC,SMEDLEY FINANCIAL SERVICES INC,102 S. 200 E.,SUITE 100,SALT LAKE CITY,UT,84111-3110,801-355-8888
111177,801-110310,IRON GATE GLOBAL ADVISORS,"IRON GATE GLOBAL ADVISORS, LLC",960 NORTH 400 EAST,,NORTH SALT LAKE,UT,84054,888-591-0334
113844,801-112440,STRATEGIC PLANNING GROUP,"STRATEGIC PLANNING GROUP, LLC",190 SOUTH MAIN STREET,,BOUNTIFUL,UT,84010,801-627-2200
114596,801-109937,SLAYTON LEWIS INC,SLAYTON LEWIS INC,22 EAST 100 SOUTH,THIRD FLOOR,SALT LAKE CITY,UT,84111,801-521-2191
116085,801-63010,JACOBSEN CAPITAL MANAGEMENT,"JACOBSEN CAPITAL MANAGEMENT, LLC",101 SOUTH 200 EAST,SUITE 524,SALT LAKE CITY,UT,84111,801-746-7171
116950,801-111875,"ASHWORTH WEALTH, LLC","ASHWORTH WEALTH, LLC",897 W. BAXTER DR.,,SOUTH JORDAN,UT,84095,801-364-4400
117750,801-78495,SQUIRE WEALTH ADVISORS,"SQUIRE INVESTMENT MANAGEMENT COMPANY, LLC",1329 SOUTH 800 EAST,,OREM,UT,84097,801-226-7722
125012,801-61776,WESTWOOD GLOBAL INVESTMENTS,WESTWOOD GLOBAL INVESTMENTS LLC,1090 CENTER DRIVE,,PARK CITY,UT,84098,617-428-4040
125183,801-70051,LUNT CAPITAL MANAGEMENT INC.,LUNT CAPITAL MANAGEMENT INC.,"4725 S. HOLLADAY BLVD, STE 220",,HOLLADAY,UT,84117,801-503-3035
126983,801-65548,"NET WORTH ADVISORY GROUP, LLC","NET WORTH ADVISORY GROUP, LLC",75 W. TOWNE RIDGE PARKWAY,SUITE 460,SANDY,UT,84070,801-566-6639
131129,801-69619,ABG CONSULTANTS,"ABG CONSULTANTS, LLC",6975 S UNION PARK CTR,#644,COTTONWOOD HEIGHTS,UT,84047,801-486-5069
131308,801-63287,"ZIONS CAPITAL ADVISORS, INC.","ZIONS CAPITAL ADVISORS, INC.",ZIONS CAPITAL ADVISORS,"ONE SOUTH MAIN ST., 12TH FLOOR",SALT LAKE CITY,UT,84133,800-608-3202
134096,801-68887,"ACCUVEST GLOBAL ADVISORS, INC.","ACCUVEST GLOBAL ADVISORS, INC.",3575 N. 100 E.,SUITE 350,PROVO,UT,84604,925-930-2882
134578,801-136958,"HEATON FINANCIAL, PC","HEATON FINANCIAL, PC","337 S MAIN,  SUITE 120",,CEDAR CITY,UT,84720,435-865-9991
140226,801-66579,AG FINANCIAL,"AG FINANCIAL, LLC",2825 EAST COTTONWOOD PARKWAY,SUITE 500,SALT LAKE CITY,UT,84121,801-990-3470
140612,801-116880,OAK LANE ADVISORS,"WEALTH NAVIGATION, LLC",1222 W. LEGACY CROSSING BLVD,SUITE 6,CENTERVILLE,UT,84014,801-335-8200
141435,801-80922,BURRUS,"BURRUS FINANCIAL SERVICES, INC.",2455 E PARLEY'S WAY,SUITE 115,SALT LAKE CITY,UT,84109,801-532-0505
142205,801-68446,TRUENORTH WEALTH,ASSOCIATION FINANCIAL SERVICES INC.,"1935 VINE STREET, SUITE 120",,SALT LAKE CITY,UT,84121,801-274-1820
142885,801-67537,"KEYSTONE NATIONAL GROUP, LLC","KEYSTONE NATIONAL GROUP, LLC",60 E. SOUTH TEMPLE,SUITE 2100,SALT LAKE CITY,UT,84111,925-480-6050
144247,801-108249,"CANNON CAPITAL MANAGEMENT, INC.","CANNON CAPITAL MANAGEMENT, INC.",6768 SOUTH 1300 EAST,,SALT LAKE CITY,UT,84121-2719,801-566-3190
144256,801-130296,"PERIOPE, LC","PERIOPE, LC",162 NORTH 400 EAST,"BLDG. A, SUITE 201",ST. GEORGE,UT,84770,435-634-9008
145085,801-68453,"WEST RIM CAPITAL ASSOCIATES II, L.P.","WEST RIM CAPITAL ASSOCIATES II, L.P.",2801 NORTH THANKSGIVING WAY,SUITE 200,LEHI,UT,84048,801-407-8400
146349,801-68917,"PETERSON WEALTH ADVISORS, LLC","PETERSON WEALTH ADVISORS, LLC",360 WEST 920 NORTH,,OREM,UT,84057,801-225-0000
146923,801-125769,GUARDIAN WEALTH MANAGEMENT,"GUARDIAN WEALTH MANAGEMENT, LLC",299 SOUTH MAIN STREET,SUITE 1300,SALT LAKE CITY,UT,84111,385-355-4455
147725,801-131649,PALISADE WEALTH MANAGEMENT,JACOBS EQUITY,12231 S 900 E,,DRAPER,UT,84020,650-387-3808
148457,801-136664,"BRIGHTON WEALTH MANAGEMENT, INC.","BRIGHTON WEALTH MANAGEMENT, INC.",6975 UNION PARK AVE.,#600,COTTONWOOD HEIGHTS,UT,84047,801-261-1611
148802,801-110598,NORTH CAPITAL,"NORTH CAPITAL, INC.",623 E FORT UNION BLVD.,SUITE 101,SALT LAKE CITY,UT,84047,888-625-7768 X1
149559,801-114782,DENTIST ADVISORS,"AQUIRE WEALTH ADVISORS, LLC",6440 S WASATCH BLVD.,SUITE 215,SALT LAKE CITY,UT,84121,801-748-1243
150231,801-132551,"ALPHA WEALTH FUNDS, LLC","ALPHA WEALTH FUNDS, LLC",1887 GOLD DUST LANE,SUITE 203 A,PARK CITY,UT,84060,435-269-4100
151191,801-70649,"M3F, INC.","M3F, INC.",2070 E 2100 S,SUITE 250,SALT LAKE CITY,UT,84109,202-246-9200
151762,801-80633,ANDINA ADVISORS,"ANDINA CAPITAL MANAGEMENT, LLC",1300 N 200 E,SUITE 112,LOGAN,UT,84341,(435) 250 3700
152023,801-70841,GLADIUS CAPITAL MANAGEMENT LP,GLADIUS CAPITAL MANAGEMENT LP,1835 THREE KINGS DRIVE,#50,PARK CITY,UT,84060,312-348-5900
153666,801-114494,"PROMONTORY FINANCIAL PLANNING, LLC","PROMONTORY FINANCIAL PLANNING, LLC",240 N. EAST PROMONTORY SUITE 200,,FARMINGTON,UT,84025,801-513-2545
153956,801-78911,"LONE PEAK GLOBAL INVESTORS, LLC","LONE PEAK GLOBAL INVESTORS, LLC",363 S. MAIN STREET,SUITE #101,ALPINE,UT,84004,385-387-1212
154690,801-71833,"SOLTIS INVESTMENT ADVISORS, LLC","SOLTIS INVESTMENT ADVISORS, LLC",20 NORTH MAIN ST,SUITE 400,ST. GEORGE,UT,84770,435-674-1600
157091,801-76631,"SUMMIT GLOBAL INVESTMENTS, LLC","SUMMIT GLOBAL INVESTMENTS, LLC",620 SOUTH MAIN STREET,,BOUNTIFUL,UT,84010,888-251-4847
158016,801-108584,"TAYLOR DERRICK CAPITAL, L.L.C.","TAYLOR DERRICK CAPITAL, L.L.C.",404 NORTH 300 WEST,,SALT LAKE CITY,UT,84103,801-996-7470
158270,801-72540,GRANDEUR PEAK GLOBAL ADVISORS,"GRANDEUR PEAK GLOBAL ADVISORS, LLC",136 S MAIN ST,STE 720,SALT LAKE CITY,UT,84101,801-384-0000
159127,801-72790,BRIDGE INVESTMENT GROUP,BRIDGE MULTIFAMILY FUND MANAGER LLC,111 E. SEGO LILY DRIVE,#400,SANDY,UT,84070,801-716-1463
159450,801-74139,PETERSON PARTNERS,"PETERSON PARTNERS, LLC",2755 E. COTTONWOOD PARKWAY,SUITE 400,SALT LAKE CITY,UT,84121,801-417-0748
160555,801-73231,DW HEALTHCARE PARTNERS,"DW MANAGEMENT SERVICES, L.L.C.",1413 CENTER DRIVE,STE. 220,PARK CITY,UT,84098-7401,435-645-4050
160600,801-135528,"VERITAS WEALTH MANAGEMENT, LLC","VERITAS WEALTH MANAGEMENT, LLC","2180 SOUTH 1300 EAST, SUITE 360",,SALT LAKE CITY,UT,84106,801-596-9999
160962,801-113327,CHEROKEE & WALKER MANAGEMENT,"CHEROKEE & WALKER MANAGEMENT, LLC",6440 SOUTH WASATCH BOULEVARD,SUITE 200,SALT LAKE CITY,UT,84121,801-278-7800
165355,801-80940,OCTANT QUANTITATIVE INVESTMENT MANAGEMENT LLC,OCTANT QUANTITATIVE INVESTMENT MANAGEMENT LLC,2055 EAST 3900 SOUTH SUITE #100,SUITE 100,SALT LAKE CITY,UT,84124,307-201-6275
165803,801-77391,"CROSS CREEK ADVISORS, LLC","CROSS CREEK ADVISORS, LLC",505 WAKARA WAY,SUITE 215,SALT LAKE CITY,UT,84108,801-214-0091
166130,801-130427,TENCAP WEALTH COACHING,"TENCAP WEALTH COACHING, LLC",1314 WEST 11400 SOUTH,SUITE 201,SOUTH JORDAN,UT,84095,(801) 221-2956
166989,801-130036,"LANDMARK WEALTH ADVISORS, LLC","LANDMARK WEALTH ADVISORS, LLC",286 SOUTH 200 WEST,SUITE 230,FARMINGTON,UT,84025,801-295-8700
167105,801-78001,HEALTHEQUITY ADVISORS,"HEALTHEQUITY ADVISORS, LLC",15 WEST SCENIC POINTE DRIVE,SUITE 100,DRAPER,UT,84020,801-508-3248
169057,801-100344,TOWER ARCH CAPITAL,"TOWER ARCH CAPITAL, L.P.",14034 S. 145 E.,SUITE 300,DRAPER,UT,84020,801-997-5808
169563,801-120529,REFINED WEALTH MANAGEMENT,REFINED WEALTH MANAGEMENT,515 SOUTH 1000 EAST,SUITE L2,SALT LAKE CITY,UT,84102,385-351-0200
170774,801-79648,"NAVIGATE PRIVATE WEALTH, LLC","NAVIGATE PRIVATE WEALTH, LLC",12012 SOUTH 700 EAST,SUITE 100,DRAPER,UT,84020,801-676-4588
171143,801-117974,"B.O.S.S. RETIREMENT ADVISORS, LLC","B.O.S.S. RETIREMENT ADVISORS, LLC",2500 EXECUTIVE PARKWAY,SUITE 500,LEHI,UT,84048,801-990-5055
171306,801-112895,COIGN CAPITAL ADVISORS LLC,COIGN CAPITAL ADVISORS LLC,12012 SOUTH 700 E.,SUITE 100,DRAPER,UT,84020,801-676-4570
173481,801-111960,LEP MANAGEMENT LLC,LEP MANAGEMENT LLC,95 S. STATE STREET,SUITE 2190,SALT LAKE CITY,UT,84111,801-961-1599
173534,801-80500,"NARUS FINANCIAL PARTNERS, LLC","NARUS FINANCIAL PARTNERS, LLC",1245 E. BRICKYARD ROAD,SUITE 160,SALT LAKE CITY,UT,84106,866-534-0530
173920,801-80723,CREWE ADVISORS,CREWE ADVISORS LLC,650 S. MAIN STREET,SUITE 700,SALT LAKE CITY,UT,84101,385-355-2700
174728,801-113223,DRIVE WEALTH ADVISERS,"DRIVE WEALTH MANAGEMENT, LLC",3333 N DIGITAL DRIVE,#700,LEHI,UT,84043,801-901-6150
175030,801-108317,"DECATHLON CAPITAL MANAGEMENT II, LLC","DECATHLON CAPITAL MANAGEMENT II, LLC","1441 WEST UTE BLVD, SUITE 240",,PARK CITY,UT,84098,435-200-1051
222515,801-116983,EVERSPIRE,"AEGIS WEALTH GROUP, LLC",6900 SOUTH 900 EAST,SUITE 200,MIDVALE,UT,84047,801-545-8706
226721,801-110864,"ELEVATED CAPITAL ADVISORS, LLC","ELEVATED CAPITAL ADVISORS, LLC",11925 SOUTH 700 EAST,,DRAPER,UT,84020,385-237-3338
281399,801-107042,"CYNOSURE GROUP, LLC",THE CYNOSURE GROUP,111 SOUTH MAIN STREET,SUITE 2350,SALT LAKE CITY,UT,84111-1929,801-521-3100
282387,801-126250,"CIMARRON HEALTHCARE CAPITAL, LLC","CIMARRON HEALTHCARE CAPITAL, LLC",6440 S. WASATCH BLVD,SUITE #380,SALT LAKE CITY,UT,84121,801-849-9293
282665,801-132694,PROVIDENT LIVING FINANCIAL SERVICES,"PROVIDENT LIVING FINANCIAL SERVICES, INC.",3450 N TRIUMPH BLVD.,SUITE 102,LEHI,UT,84043,801-753-5639
282856,801-125029,SWITCHPOINT FINANCIAL PLANNING LLC,SWITCHPOINT FINANCIAL PLANNING LLC,2901 W BLUEGRASS BLVD,SUITE 200 - 26,LEHI,UT,84048,801.753.8538
282904,801-130385,"MEDICUS WEALTH PLANNING, INC.","MEDICUS WEALTH PLANNING, INC.",11681 S 700 E,SUITE 200,DRAPER,UT,84020,801-994-4777
283040,801-134885,"OLYMPUS PEAKS FINANCIAL, LLC","OLYMPUS PEAKS FINANCIAL, LLC",9035 S 1300 E STE 120,,SANDY,UT,84094,(801) 566-3510
284281,801-120733,DECKER RETIREMENT PLANNING INC.,DECKER RETIREMENT PLANNING INC.,2889 W ASHTON BLVD.,SUITE 125,LEHI,UT,84048,855-425-4566
285645,801-108889,"SEPIO CAPITAL, LP","SEPIO CAPITAL, LP",2795 E COTTONWOOD PARKWAY,SUITE 600,SALT LAKE CITY,UT,84121,(415) 915-3708
286087,801-110862,ADAMS WEALTH ADVISORS,ADAMS WEALTH MANAGEMENT LLC,701 S MAIN,SUITE #400,LOGAN,UT,84321,(435)752-1702
286419,801-114491,THE PROFESSIONAL FINANCIAL COMPANY LLC,THE PROFESSIONAL FINANCIAL COMPANY LLC,384 W CENTER ST,,OREM,UT,84057,(801) 701-2345
288576,801-110591,"TOWNSQUARE CAPITAL, LLC","TOWNSQUARE CAPITAL, LLC",TRAVERSE RIDGE CENTER II,3450 TRIUMPH BOULEVARD,LEHI,UT,84043,385-375-8650
288620,801-119303,PETERSON WEALTH SERVICES INC.,PETERSON WEALTH SERVICES INC.,1523 EAST SKYLINE DRIVE SUITE C,,SOUTH OGDEN,UT,84405,801-475-4002
289574,801-137067,"CAPITAL WEALTH, LLC","CAPITAL WEALTH, LLC",1850 W. ASHTON BLVD SUITE 175,,LEHI,UT,84043,8012102800
290334,801-112404,"SEVEN CANYONS ADVISORS, LLC","SEVEN CANYONS ADVISORS, LLC",22 EAST 100 SOUTH,4TH FLOOR,SALT LAKE CITY,UT,84111,801-349-2718
290558,801-112411,"CAPITA FINANCIAL NETWORK, LLC","CAPITA FINANCIAL NETWORK, LLC",14658 S. BANGERTER PKWY,STE 300,DRAPER,UT,84020,801-566-5058
291884,801-112971,GO INVEST LLC,GO INVEST LLC,8427 OLD BINGHAM HWY,SUITE A,WEST JORDAN,UT,84088,801-614-4914
296772,801-127627,LONE PEAK ADVISERS,"LONE PEAK ADVISERS, LLC",11650 SOUTH STATE STREET,SUITE 200,DRAPER,UT,84020-7150,801-855-8886
299249,801-120516,NEW MILLENNIUM GROUP,"NEW MILLENNIUM GROUP, LLC",10050 SOUTH STATE STREET,,SANDY,UT,84070,801-446-9950
301868,801-118520,SUNDANCE BAY,"SUNDANCE BAY INVESTMENT MANAGER, LLC","1240 EAST 2100 SOUTH, SUITE 300",,SALT LAKE CITY,UT,84106-2817,801-783-3430
305852,801-135227,HAYNIE WEALTH MANAGEMENT LLC,HAYNIE WEALTH MANAGEMENT LLC,1785 WEST 2320 SOUTH,,SALT LAKE CITY,UT,84119,(512) 537-8241
306294,801-135617,JRS WEALTH MANAGEMENT LLC,JRS WEALTH MANAGEMENT LLC,10808 SOUTH RIVERFRONT PARKWAY,SUITE 351,SOUTH JORDAN,UT,84095,(801) 987-3973
307667,801-118514,ASCEND INVESTMENT PARTNERS,"KESLER, NORMAN & WRIDE, LLC",2225 WASHINGTON BLVD.,SUITE 110,OGDEN,UT,84401,(801) 476-1200
309186,801-120010,REEF INVESTMENT MANAGEMENT LLC,REEF INVESTMENT MANAGEMENT LLC,2600 N ASHTON BLVD.,SUITE 200,LEHI,UT,84048,801-216-8850
309862,801-127736,ATHOS PRIVATE WEALTH LLC,ATHOS PRIVATE WEALTH LLC,4725 S HOLLADAY BLVD,SUITE 130,HOLLADAY,UT,84117,435-252-1099
310096,801-123458,"WEALTH MANAGEMENT CPAS, LLC","WEALTH MANAGEMENT CPAS, LLC",7084 SOUTH 2300 EAST,,SALT LAKE CITY,UT,84121,801-272-4357
311144,801-119753,MY PROSPER TEAM,"PROSPER WEALTH SOLUTIONS, LLC",3200 CLUB HOUSE DR.,SUITE 125,LEHI,UT,84043,801-889-1341
311230,801-128312,TETON WEALTH GROUP LLC,TETON WEALTH GROUP LLC,764 E WINCHESTER ST. #100,,MURRAY,UT,84107,844-838-6600
311272,801-119782,"COTTONWOOD WEALTH STRATEGIES, LLC","COTTONWOOD CAPITAL ADVISORS, LLC",650 SOUTH 500 WEST,SUITE #185,SALT LAKE CITY,UT,84101,385-853-5000
311409,801-123545,"SANDLOT PARTNERS, LLC","SANDLOT PARTNERS, LLC",1510 EAST 840 NORTH,,OREM,UT,84097,801-609-1307
311414,801-135871,"LARSON WILLIAMS WEALTH ADVISORS, LLC","LARSON WILLIAMS WEALTH ADVISORS, LLC",415 N MAIN STREET,SUITE 104,CEDAR CITY,UT,84721,435-867-5685
312068,801-129684,"ELYSIUM WEALTH MANAGEMENT, LLC","ELYSIUM WEALTH MANAGEMENT, LLC",1802 W. SOUTH JORDAN PARKWAY,#130,SOUTH JORDAN,UT,84095,385-276-4716
314668,801-121605,"ALLIANCE WEALTH ADVISORS, LLC","ALLIANCE WEALTH ADVISORS, LLC",1148 WEST LEGACY CROSSING BLVD.,SUITE 110,CENTERVILLE,UT,84014,801-683-6000
315843,801-122536,"SOLIDARITY WEALTH, LLC","SOLIDARITY WEALTH, LLC",3600 N OUTLET PARKWAY,SUITE 200,LEHI,UT,84048,385-374-1665
316623,801-129523,BRIDGE NET LEASE FUND MANAGER LLC,BRIDGE NET LEASE FUND MANAGER LLC,111 E. SEGO LILY DRIVE,#400,SANDY,UT,84070,801-716-1463
316746,801-122564,INTERWISE,"VALUED WEALTH ADVISORS, LLC",3115 EAST LION LANE,SUITE 160,HOLLADAY,UT,84121,801-484-6004
317143,801-130693,"HST VENTURES, LLC","HST VENTURES, LLC",1389 CENTER DRIVE,SUITE 200,PARK CITY,UT,84098,435-962-9194
318842,801-123661,FINANCIAL NETWORK WEALTH ADVISORS LLC,FINANCIAL NETWORK WEALTH ADVISORS LLC,118 W. WINCHESTER STREET,SUITE 101,MURRAY,UT,84107,801-748-0044
321789,801-125937,"PRESTIGE WEALTHWIDE, LLC","PRESTIGE WEALTHWIDE, LLC",525 W SUNRISE WAY,,LEHI,UT,84043,720-449-3656
322596,801-127280,"SOLIDARITY CAPITAL MANAGEMENT, LLC","SOLIDARITY CAPITAL MANAGEMENT, LLC",3600 N OUTLET PARKWAY,SUITE 200,LEHI,UT,84048,385-374-1665
322928,801-126459,"SG TRADING SOLUTIONS, LLC","SG TRADING SOLUTIONS, LLC",620 S MAIN STREET,,BOUNTIFUL,UT,84010,(801) 683-2856
323676,801-126936,JORDANELLE CAPITAL,"JORDANELLE CAPITAL, LLC",68 NORTH K ST.,SUITE 100,SALT LAKE CITY,UT,84103,(385) 500-4894
323988,801-127137,THE NORDEN GROUP LLC,THE NORDEN GROUP LLC,5255 N EDGEWOOD DRIVE,SUITE 225,PROVO,UT,84604,801-331-5511
324001,801-127132,"PETERSON ROGERS PRIVATE WEALTH, LLC","PETERSON ROGERS PRIVATE WEALTH, LLC",5305 S HIGHLAND DRIVE,SUITE 100,SALT LAKE CITY,UT,84117,8019929783
324124,801-127087,SORENSON IMPACT ADVISORY,"SORENSON IMPACT ADVISORY, LLC",6330 S 3000 E - SUITE 630,,SALT LAKE CITY,UT,84121,801-877-0915
325037,801-131709,"WASATCH INVESTMENT FUND MANAGER, LLC","WASATCH INVESTMENT FUND MANAGER, LLC",595 SOUTH RIVERWOODS PARKWAY,SUITE 400,LOGAN,UT,84321,435-755-2000
325175,801-127529,"PORTSIDE WEALTH GROUP, LLC","PORTSIDE WEALTH GROUP, LLC",3507 N UNIVERSITY AVE,SUITE 150,PROVO,UT,84604,385-412-1222
325781,801-127673,"ECHELONS CAPITAL, LLC","ECHELONS CAPITAL, LLC",2078 PROSPECTOR AVENUE,SUITE 4,PARK CITY,UT,84060,706-372-4218
325945,801-128078,NAVIGATE FINANCIAL LLC,NAVIGATE FINANCIAL LLC,999 E. MURRAY HOLLADAY RD,SUITE 202,SALT LAKE CITY,UT,84117,801-905-1644
326060,801-128675,"DIVERSIFY ADVISORY SERVICES, LLC","DIVERSIFY ADVISORY SERVICES, LLC",10876 S RIVER FRONT PKWY,SUITE 600,SOUTH JORDAN,UT,84095,801-890.7577
326517,801-127982,THREE SEASONS WEALTH,THREE SEASONS WEALTH,111 EAST BROADWAY,STE 1250,SALT LAKE CITY,UT,84111,801-662-0585
326617,801-128335,E6 PORTFOLIOS,E6 PORTFOLIOS,"EVERSPIRE PLAZA, 6900 S. 900 E.",SUITE 200,MIDVALE,UT,84047,801-545-8706
326762,801-131707,WASATCH EQUITY PARTNERS,"WASATCH VENTURE MANAGEMENT, LLC",595 SOUTH RIVERWOODS PARKWAY,SUITE 400,LOGAN,UT,84321,435-755-2079
326949,801-130725,"BANNER CAPITAL MANAGEMENT, LLC","BANNER CAPITAL MANAGEMENT, LLC",3600 OUTLET PARKWAY,SUITE 450,LEHI,UT,84048,801-290-3333
327618,801-133922,"STONEBRIAR WEALTH, LLC","STONEBRIAR WEALTH, LLC",2600 W. EXECUTIVE PARKWAY,SUITE 360,LEHI,UT,84043,385-314-3300
327688,801-128689,CACHETECH,CACHETECH INC.,701 S MAIN ST,STE 400,LOGAN,UT,84321,435-752-1702
329313,801-129811,PLATFORM WEALTH ADVISORS,"PLATFORM WEALTH MANAGEMENT, LLC",6510 S. MILLROCK DR,,HOLLADAY,UT,84121,(385) 243-0553
329878,801-129521,"DIVERSIFY WEALTH MANAGEMENT, LLC","DIVERSIFY WEALTH MANAGEMENT, LLC",10876 S RIVER FRONT PKWY,SUITE 600,SOUTH JORDAN,UT,84095,8018389999
330999,801-136494,"WEALTH FOUNDATIONS PARTNERS, LLC","WEALTH FOUNDATIONS PARTNERS, LLC",50 W BROADWAY STE 333,PBM 181231,SALT LAKE CITY,UT,84101,(888) 785-0020
331449,801-131964,"THISTLE CREEK CAPITAL, LLC","THISTLE CREEK CAPITAL, LLC",2801 N THANKSGIVING WAY,SUITE 225,LEHI,UT,84043,801-608-2856
332725,801-131225,OXFORD WEALTH MANAGEMENT,OXFORD WEALTH MANAGEMENT LLC,195 NORTH STATE STREET,SUITE 200 - OWM,LINDON,UT,84042,385-206-5271
333059,801-131918,BLUE DIAMOND CAPITAL INVESTMENT ADVISORS,"BLUE DIAMOND CAPITAL INVESTMENT ADVISORS, LLC",180 N UNIVERSITY AVE,SUITE 250,PROVO,UT,84601,801-932-0311
333404,801-131464,PRESIDIO WEALTH MANAGEMENT,"SUN FINANCIAL, INC.",6967 SOUTH RIVER GATE DRIVE,SUITE 102,MIDVALE,UT,84047,801-290-3201
333710,801-131955,STATERA WEALTH MANAGEMENT,REACH WEALTH MANAGEMENT LLC,912 W. 1600 S.,ST. B201,ST. GEORGE,UT,84770,435-673-6350
334981,801-132743,ASILIA CREDIT INVESTMENTS,"ASILIA CREDIT INVESTMENTS, LLC",2250 S. WEST TEMPLE,,SALT LAKE CITY,UT,84115,203-832-8888
335925,801-134313,SANDLOT PRIVATE WEALTH LLC,SANDLOT PRIVATE WEALTH LLC,1510 E. 840 N.,,OREM,UT,84097,801 428 7744
336507,801-136266,"RILEY S. CROSBIE ADVISORY, LLC","RILEY S. CROSBIE ADVISORY, LLC",76 E 200 N,SUITE 110,LOGAN,UT,84321,435-752-5558
337747,801-134251,CYNOSURE PORTFOLIO ADVISORS LLC,CYNOSURE PORTFOLIO ADVISORS LLC,111 SOUTH MAIN STREET,SUITE 2350,SALT LAKE CITY,UT,84111,801-521-3100
337826,801-134191,"LIVET WEALTH, LLC","LIVET WEALTH, LLC",1642 E SPANISH FORK PKWY,SUITE 201,SPANISH FORK,UT,84660,801-893-8320
338182,801-134638,COLAB CAPITAL,"COLAB CAPITAL, LLC",616 SOUTH 300 EAST,,ST. GEORGE,UT,84770,415-317-5100
338535,801-134511,"YOUR IA, LLC","YOUR IA, LLC",620 SOUTH 400 EAST,,ST. GEORGE,UT,84770,800-823-0489
339904,801-137106,"WEST RIM II UGP, LLC","WEST RIM II UGP, LLC",2801 NORTH THANKSGIVING WAY,SUITE 200,LEHI,UT,84048,801-407-8400
340174,801-135541,TANARA WEALTH MANAGEMENT LLC,TANARA WEALTH MANAGEMENT LLC,3301 N THANKSGIVING WAY,SUITE 425,LEHI,UT,84048,801-653-0564
340533,801-136502,ALTURA PRIVATE WEALTH LLC,ALTURA PRIVATE WEALTH LLC,839 CAMILLE CIR,,CENTERVILLE,UT,84014,801-574-0308
340580,801-135451,SOULENCE WEALTH MANAGEMENT,SOULENCE WEALTH MANAGEMENT II LLC,220 S 2500 W,,PLEASANT GROVE,UT,84062,801-571-9900
343428,801-137175,MOMENTUM WEALTH MANAGEMENT,PESCI WEALTH MANAGEMENT LLC,849 N 900 W,,OREM,UT,84057,8016554898
118496,801-130356,FINANCIAL ADVISORY SERVICES,"LARSEN, GLEN ALLEN",2225 E. MURRAY HOLLADAY RD.,SUITE 210,SALT LAKE CITY,UT,84117,801-532-1200
335443,801-132897,WASATCH HEALTH PARTNERS,"MED VENTURE MANAGEMENT, LLC",299 SOUTH MAIN STREET,SUITE 2300,SALT LAKE CITY,UT,84111,(385) 501-5979
327510,801-134057,KULTURA CAPITAL MANAGEMENT LP,KULTURA CAPITAL MANAGEMENT LP,1389 CENTER DRIVE,SUITE 200,PARK CITY,UT,84098,248-228-2875
